num,title,date
510677,펀디 왜 떡락안옴??,2018-05-01 05:24:50
510680,졷뜨뜨 큐텀방에서 아는척하다가 논리 졷발리고 후빨러가 보호해줬네,2018-05-01 18:31:55
510688,보토스 존나 올랐다 씨이발,2018-05-02 17:16:28
510689,에어드랍을 대하는 나의 자세.,2018-05-02 19:32:09
510693,주목해볼만한 바이낸스발 코인 리스트,2018-05-03 06:50:42
510694,<코인토커> 18.05.03 시장 브리핑 및 개인 포트폴리오,2018-05-03 08:25:58
510696,카르마 지갑생성을 못했습니다. 개인사정으로 한국에없었으므로 확인 부탁드림,2018-05-03 14:06:54
510698,니들 아직 살아 있냐??,2018-05-03 15:55:12
510702,드디어 수익인증합니다! (버츄얼마이닝 후기),2018-05-04 02:00:06
510705,모네로 개인지갑으로 모네로 보낸지 거의 20시간 가까이 된다.,2018-05-04 20:55:04
510706,"EOS 프라이벗,퍼블릭키 분실 어떻하는지 ㅠㅠ 도움좀주실분...",2018-05-04 21:30:55
510709,버핏이새끼 비트코인하고있엇네 ㅋㅋㅋㅋ,2018-05-05 21:31:55
510717,<코인토커>18.05.06 시장 브리핑 및 개인 포트폴리오,2018-05-06 17:36:58
510719,<코인토커>마진  A TO Z :: 마진 거래 용어 알아보기(1),2018-05-07 02:00:33
510724,zper 파트너십 체결 뉴스요!,2018-05-07 15:26:17
510725,11k > 6k간 그 지옥이 자꾸 떠올라 미치겠어 ,2018-05-07 18:45:28
510727,오늘의 주요 알트코인 시세,2018-05-08 08:00:12
510731,<코인토커> 지금 알트 코인 투자가 매력적이지 않은 이유,2018-05-08 16:42:54
510738,형님들 업빗에서 힛빗 리플입금했는데 망했어요,2018-05-09 12:45:56
510754,골렘/스톰/트론 어떻게 될 것 같냐,2018-05-10 21:07:47
510761,양키들 존나 불쌍하네 ㅋㅋㅋㅋㅋ,2018-05-11 18:39:34
510775,오늘 코엑스 서울 머니쇼 빗썸 고팍스 코인원 코빗 있더라 다녀옴 인증,2018-05-12 19:32:29
510776,[코인토커] 현 지점이 상승장의 시발점이 될 수 있는 가능성?,2018-05-12 20:21:11
510802,5/15일 김태훈 칼럼니스트의 강연에 특별손님 (라이크코인),2018-05-15 00:32:13
510805,오늘의 주요 알트코인 시세,2018-05-15 07:40:29
510807,<코인토커>18.05.15 시장 브리핑 및 개인 포트폴리오,2018-05-15 12:29:20
510821,"필진 구합니다. 리뷰, 코인관련분석, 차트 등등",2018-05-17 00:40:49
510845,비박스 자체 발행 토큰 아냐 혹시?,2018-05-19 10:40:42
510854,상승자오면,2018-05-21 02:26:26
510859,가상화폐 관련 프로그램 노트북 사양 질문좀,2018-05-21 19:44:31
510861,오늘의 주요 알트코인 시세,2018-05-22 07:42:33
510864,"전세계가 놀란, 89세 할머니가 포토샵을 배운이유..(충격주의)",2018-05-22 16:07:17
510868,안녕하세요 가즈아뉴스 곧 2화가 나옵니다. 많은시청부탁드리겠습니다.,2018-05-23 01:41:46
510869,★ '속보' 가즈아뉴스 2화 ★,2018-05-23 02:50:20
510875,섹머형 안오나,2018-05-23 20:02:25
510876,스카이 코인 바이낸스 상장....조쿠연....,2018-05-23 22:27:26
510883,"미국, 비트코인 가격조작으로 범죄수사 개시",2018-05-24 18:37:25
510886,4개월전 코인의 미래를 정확히 예측한글,2018-05-24 20:05:47
510887,오늘의 주요 알트코인 시세,2018-05-25 11:42:07
510893,<코인토커>18.05.27 시장 브리핑 및 개인 포트폴리오,2018-05-27 03:00:31
510894,[박쎈케] 미래에서 왓읍니다.,2018-05-27 04:36:31
510901,스타크웨어 (starkware) 정말좋다,2018-05-28 16:38:25
510902,지금농협신규계좌개설후  빗썹입금가능?,2018-05-28 19:56:39
510903,★ '속보' 가즈아뉴스 3화 ★ -비트코인 다이어트,2018-05-28 20:18:02
510904,오늘의 주요 알트 코인시세,2018-05-29 08:00:34
510906,celer 준비 안하는 흑두루미 읍제?,2018-05-29 14:38:22
510910,역시 비트를 올리고 내리는건 매수세 그딴거 다필요없넹 ,2018-05-29 22:40:03
510916,오늘의 주요 알트코인 시세,2018-05-31 07:22:29
